ศูนย์,อาคาร,ชั้น,ห้อง,ที่นั่งสอบ(÷2),ความจุใช้จริง(cap65),คนคุม,ที่มา
รังสิต,คณะพาณิชย์,2,พบ.201,18,18,2,จริง
รังสิต,คณะพาณิชย์,2,พบ.202,18,18,2,จริง
รังสิต,คณะพาณิชย์,2,พบ.203,18,18,2,จริง
รังสิต,คณะพาณิชย์,2,พบ.208,18,18,2,จริง
รังสิต,คณะพาณิชย์,2,พบ.209,18,18,2,จริง
รังสิต,คณะพาณิชย์,3,พบ.301,18,18,2,จริง
รังสิต,คณะพาณิชย์,3,พบ.302,18,18,2,จริง
รังสิต,คณะพาณิชย์,3,พบ.303,18,18,2,จริง
รังสิต,คณะพาณิชย์,3,พบ.311,18,18,2,จริง
รังสิต,คณะพาณิชย์,2,พบ.205,24,24,3,จริง
รังสิต,คณะพาณิชย์,2,พบ.206,24,24,3,จริง
รังสิต,คณะพาณิชย์,3,พบ.304,24,24,3,จริง
รังสิต,คณะพาณิชย์,3,พบ.305,24,24,3,จริง
รังสิต,คณะพาณิชย์,2,พบ.204,32,32,3,จริง
รังสิต,คณะพาณิชย์,2,พบ.207,32,32,3,จริง
รังสิต,คณะพาณิชย์,-,ห้องอ่าน 1,8,8,2,จริง
รังสิต,คณะพาณิชย์,-,ห้องอ่าน 2,8,8,2,จริง
รังสิต,คณะพาณิชย์,-,ห้องประชุมชั้น 7,6,6,2,จริง
รังสิต,คณะพาณิชย์,-,ห้องประชุมชั้น 9,8,8,2,จริง
รังสิต,คณะพาณิชย์,3,com 307,71,65,3,จริง
รังสิต,คณะพาณิชย์,3,com 308,36,36,3,จริง
รังสิต,คณะพาณิชย์,3,com 309,36,36,3,จริง
รังสิต,คณะพาณิชย์,3,com 310,24,24,3,จริง
รังสิต,SC1,1,SC1001,250,65,3,÷2
รังสิต,SC1,1,SC1002,250,65,3,÷2
รังสิต,SC1,1,SC1058,250,65,3,÷2
รังสิต,SC1,1,SC1059,250,65,3,÷2
รังสิต,SC1,1,SC1012,25,25,3,÷2
รังสิต,SC1,1,SC1013,25,25,3,÷2
รังสิต,SC1,1,SC1014,15,15,2,÷2
รังสิต,SC1,1,SC1015,15,15,2,÷2
รังสิต,SC1,1,SC1016,25,25,3,÷2
รังสิต,SC1,1,SC1017,25,25,3,÷2
รังสิต,SC1,1,SC1018,25,25,3,÷2
รังสิต,SC1,1,SC1019,25,25,3,÷2
รังสิต,SC1,1,SC1020,25,25,3,÷2
รังสิต,SC1,1,SC1023,25,25,3,÷2
รังสิต,SC1,1,SC1024,25,25,3,÷2
รังสิต,SC1,1,SC1025,25,25,3,÷2
รังสิต,SC1,1,SC1026,25,25,3,÷2
รังสิต,SC1,1,SC1035,25,25,3,÷2
รังสิต,SC1,1,SC1036,25,25,3,÷2
รังสิต,SC1,1,SC1037,25,25,3,÷2
รังสิต,SC1,1,SC1038,25,25,3,÷2
รังสิต,SC1,1,SC1041,25,25,3,÷2
รังสิต,SC1,1,SC1042,25,25,3,÷2
รังสิต,SC1,1,SC1043,25,25,3,÷2
รังสิต,SC1,1,SC1044,25,25,3,÷2
รังสิต,SC1,1,SC1045,25,25,3,÷2
รังสิต,SC1,1,SC1046,25,25,3,÷2
รังสิต,SC1,1,SC1047,25,25,3,÷2
รังสิต,SC1,1,SC1049,25,25,3,÷2
รังสิต,SC1,1,SC1050,25,25,3,÷2
รังสิต,SC1,1,SC1066,25,25,3,÷2
รังสิต,SC1,1,SC1067,25,25,3,÷2
รังสิต,SC1,1,SC1068,25,25,3,÷2
รังสิต,SC1,1,SC1069,25,25,3,÷2
รังสิต,SC1,2,SC2001,50,50,3,÷2
รังสิต,SC1,2,SC2002,50,50,3,÷2
รังสิต,SC1,2,SC2003,50,50,3,÷2
รังสิต,SC1,2,SC2004,25,25,3,÷2
รังสิต,SC1,2,SC2005,25,25,3,÷2
รังสิต,SC1,2,SC2006,25,25,3,÷2
รังสิต,SC1,2,SC2007,25,25,3,÷2
รังสิต,SC1,2,SC2008,25,25,3,÷2
รังสิต,SC1,2,SC2009,25,25,3,÷2
รังสิต,SC1,2,SC2010,25,25,3,÷2
รังสิต,SC1,2,SC2013,25,25,3,÷2
รังสิต,SC1,2,SC2014,25,25,3,÷2
รังสิต,SC1,2,SC2015,25,25,3,÷2
รังสิต,SC1,2,SC2016,25,25,3,÷2
รังสิต,SC1,2,SC2025,25,25,3,÷2
รังสิต,SC1,2,SC2026,25,25,3,÷2
รังสิต,SC1,2,SC2027,25,25,3,÷2
รังสิต,SC1,2,SC2028,25,25,3,÷2
รังสิต,SC1,2,SC2031,25,25,3,÷2
รังสิต,SC1,2,SC2032,25,25,3,÷2
รังสิต,SC1,2,SC2033,25,25,3,÷2
รังสิต,SC1,2,SC2034,25,25,3,÷2
รังสิต,SC1,2,SC2041,25,25,3,÷2
รังสิต,SC1,2,SC2042,25,25,3,÷2
รังสิต,SC1,2,SC2043,25,25,3,÷2
รังสิต,SC1,2,SC2044,25,25,3,÷2
รังสิต,SC1,2,SC2047,25,25,3,÷2
รังสิต,SC1,2,SC2048,25,25,3,÷2
รังสิต,SC1,2,SC2049,25,25,3,÷2
รังสิต,SC1,2,SC2050,25,25,3,÷2
รังสิต,SC1,2,SC2051,75,65,3,÷2
รังสิต,SC1,2,SC2052,75,65,3,÷2
รังสิต,SC1,2,SC2053,25,25,3,÷2
รังสิต,SC1,2,SC2054,25,25,3,÷2
รังสิต,SC1,2,SC2055,25,25,3,÷2
รังสิต,SC1,2,SC2056,25,25,3,÷2
รังสิต,SC1,2,SC2059,25,25,3,÷2
รังสิต,SC1,2,SC2060,25,25,3,÷2
รังสิต,SC1,2,SC2061,25,25,3,÷2
รังสิต,SC1,2,SC2062,25,25,3,÷2
รังสิต,SC1,3,SC3004,150,65,3,÷2
รังสิต,SC1,3,SC3005,150,65,3,÷2
รังสิต,SC1,3,SC3006,150,65,3,÷2
รังสิต,SC1,3,SC3010,50,50,3,÷2
รังสิต,SC1,3,SC3011,50,50,3,÷2
รังสิต,SC1,3,SC3012,50,50,3,÷2
รังสิต,SC1,3,SC3015,50,50,3,÷2
รังสิต,SC1,3,SC3016,50,50,3,÷2
รังสิต,SC1,3,SC3017,50,50,3,÷2
รังสิต,SC1,3,SC3018,25,25,3,÷2
รังสิต,SC1,3,SC3019,25,25,3,÷2
รังสิต,SC1,3,SC3020,25,25,3,÷2
รังสิต,SC1,3,SC3029,25,25,3,÷2
รังสิต,SC1,3,SC3030,25,25,3,÷2
รังสิต,SC1,3,SC3031,25,25,3,÷2
รังสิต,SC1,3,SC3032,50,50,3,÷2
รังสิต,SC1,3,SC3033,50,50,3,÷2
รังสิต,SC1,3,SC3034,50,50,3,÷2
รังสิต,SC1,3,SC3037,50,50,3,÷2
รังสิต,SC1,3,SC3038,50,50,3,÷2
รังสิต,SC1,3,SC3039,50,50,3,÷2
รังสิต,SC1,3,SC3040,25,25,3,÷2
รังสิต,SC1,3,SC3041,25,25,3,÷2
รังสิต,SC1,3,SC3042,25,25,3,÷2
รังสิต,SC1,3,SC3043,25,25,3,÷2
รังสิต,SC1,3,SC3046,25,25,3,÷2
รังสิต,SC1,3,SC3047,25,25,3,÷2
รังสิต,SC1,3,SC3048,100,65,3,÷2
รังสิต,SC1,3,SC3049,100,65,3,÷2
รังสิต,SC1,3,SC3050,100,65,3,÷2
รังสิต,SC1,3,SC3051,100,65,3,÷2
รังสิต,SC1,3,SC3052,25,25,3,÷2
รังสิต,SC1,3,SC3053,25,25,3,÷2
รังสิต,SC1,3,SC3056,25,25,3,÷2
รังสิต,SC1,3,SC3057,25,25,3,÷2
รังสิต,SC1,3,SC3058,25,25,3,÷2
รังสิต,SC1,3,SC3059,25,25,3,÷2
รังสิต,SC1,4,SC4001,150,65,3,÷2
รังสิต,SC1,4,SC4020,150,65,3,÷2
รังสิต,SC1,4,SC4004,50,50,3,÷2
รังสิต,SC1,4,SC4005,50,50,3,÷2
รังสิต,SC1,4,SC4006,50,50,3,÷2
รังสิต,SC1,4,SC4028,50,50,3,÷2
รังสิต,SC1,4,SC4029,50,50,3,÷2
รังสิต,SC1,4,SC4030,50,50,3,÷2
รังสิต,SC1,4,SC4009,25,25,3,÷2
รังสิต,SC1,4,SC4010,25,25,3,÷2
รังสิต,SC1,4,SC4011,75,65,3,÷2
รังสิต,SC1,4,SC4023,75,65,3,÷2
รังสิต,SC1,4,SC4024,25,25,3,÷2
รังสิต,SC1,4,SC4025,25,25,3,÷2
รังสิต,SC1,4,SC4031,75,65,3,÷2
รังสิต,SC1,4,SC4032,75,65,3,÷2
รังสิต,SC1,4,SC4035,75,65,3,÷2
รังสิต,SC1,4,SC4036,100,65,3,÷2
รังสิต,SC1,4,SC4037,100,65,3,÷2
รังสิต,SC1,4,SC4038,100,65,3,÷2
รังสิต,SC1,4,SC4039,100,65,3,÷2
รังสิต,SC1,4,SC4040,75,65,3,÷2
รังสิต,SC1,4,SC4043,75,65,3,÷2
รังสิต,SC1,4,SC4044,75,65,3,÷2
รังสิต,SC-3,1,SC-3 116,40,40,3,÷2
รังสิต,SC-3,1,SC-3 118,40,40,3,÷2
รังสิต,SC-3,1,SC-3 119,40,40,3,÷2
รังสิต,SC-3,1,SC-3 124,40,40,3,÷2
รังสิต,SC-3,M,SC-3 M04,18,18,2,÷2
รังสิต,SC-3,M,SC-3 M05,18,18,2,÷2
รังสิต,SC-3,M,SC-3 M06,18,18,2,÷2
รังสิต,SC-3,M,SC-3 M07,18,18,2,÷2
รังสิต,SC-3,M,SC-3 M08,18,18,2,÷2
รังสิต,SC-3,M,SC-3 M09,18,18,2,÷2
รังสิต,SC-3,M,SC-3 M10,18,18,2,÷2
รังสิต,SC-3,M,SC-3 M11,18,18,2,÷2
รังสิต,SC-3,M,SC-3 M12,18,18,2,÷2
รังสิต,SC-3,M,SC-3 M13,18,18,2,÷2
รังสิต,SC-3,M,SC-3 M14,18,18,2,÷2
รังสิต,SC-3,M,SC-3 M15,18,18,2,÷2
รังสิต,SC-3,M,SC-3 M16,40,40,3,÷2
รังสิต,SC-3,M,SC-3 M17,40,40,3,÷2
รังสิต,SC-3,M,SC-3 M18,40,40,3,÷2
รังสิต,SC-3,M,SC-3 M19,40,40,3,÷2
รังสิต,SC-3,M,SC-3 M20,40,40,3,÷2
รังสิต,SC-3,2,SC-3 201,40,40,3,÷2
รังสิต,SC-3,2,SC-3 202,40,40,3,÷2
รังสิต,SC-3,2,SC-3 204,40,40,3,÷2
รังสิต,SC-3,2,SC-3 205,40,40,3,÷2
รังสิต,SC-3,2,SC-3 207,18,18,2,÷2
รังสิต,SC-3,2,SC-3 208,25,25,3,÷2
รังสิต,SC-3,2,SC-3 209,25,25,3,÷2
รังสิต,SC-3,2,SC-3 210,25,25,3,÷2
รังสิต,SC-3,2,SC-3 211,25,25,3,÷2
รังสิต,SC-3,2,SC-3 214,18,18,2,÷2
รังสิต,SC-3,2,SC-3 215,18,18,2,÷2
รังสิต,SC-3,2,SC-3 216,18,18,2,÷2
รังสิต,SC-3,2,SC-3 217,18,18,2,÷2
รังสิต,SC-3,2,SC-3 218,18,18,2,÷2
รังสิต,SC-3,2,SC-3 219,18,18,2,÷2
รังสิต,SC-3,2,SC-3 220,18,18,2,÷2
รังสิต,SC-3,2,SC-3 221,18,18,2,÷2
รังสิต,SC-3,2,SC-3 222,18,18,2,÷2
รังสิต,SC-3,2,SC-3 223,18,18,2,÷2
รังสิต,SC-3,2,SC-3 224,18,18,2,÷2
รังสิต,SC-3,2,SC-3 225,18,18,2,÷2
รังสิต,SC-3,2,SC-3 226,40,40,3,÷2
รังสิต,SC-3,2,SC-3 227,40,40,3,÷2
รังสิต,SC-3,2,SC-3 228,40,40,3,÷2
รังสิต,SC-3,2,SC-3 229,40,40,3,÷2
รังสิต,SC-3,2,SC-3 230,40,40,3,÷2
รังสิต,SC-3,2,SC-3 231,40,40,3,÷2
รังสิต,SC-3,3,SC-3 301,56,56,3,÷2
รังสิต,SC-3,3,SC-3 302,20,20,3,÷2
รังสิต,SC-3,3,SC-3 304,80,65,3,÷2
รังสิต,SC-3,3,SC-3 308,25,25,3,÷2
รังสิต,SC-3,3,SC-3 309,25,25,3,÷2
รังสิต,SC-3,3,SC-3 312,20,20,3,÷2
รังสิต,SC-3,3,SC-3 313,20,20,3,÷2
รังสิต,SC-3,3,SC-3 314,20,20,3,÷2
รังสิต,SC-3,3,SC-3 315,20,20,3,÷2
รังสิต,SC-3,3,SC-3 316,20,20,3,÷2
รังสิต,SC-3,3,SC-3 317,20,20,3,÷2
รังสิต,SC-3,3,SC-3 318,20,20,3,÷2
รังสิต,SC-3,3,SC-3 319,20,20,3,÷2
รังสิต,SC-3,3,SC-3 320,20,20,3,÷2
รังสิต,SC-3,3,SC-3 321,20,20,3,÷2
รังสิต,SC-3,3,SC-3 322,20,20,3,÷2
รังสิต,SC-3,3,SC-3 323,50,50,3,÷2
รังสิต,SC-3,3,SC-3 324,50,50,3,÷2
รังสิต,SC-3,3,SC-3 325,50,50,3,÷2
รังสิต,SC-3,3,SC-3 326,50,50,3,÷2
รังสิต,SC-3,3,SC-3 327,50,50,3,÷2
รังสิต,SC-3,3,SC-3 328,50,50,3,÷2
รังสิต,SC-3,4,SC-3 401,120,65,3,÷2
รังสิต,SC-3,4,SC-3 402,120,65,3,÷2
รังสิต,SC-3,4,SC-3 408,80,65,3,÷2
รังสิต,SC-3,4,SC-3 409,80,65,3,÷2
รังสิต,SC-3,4,SC-3 410,56,56,3,÷2
รังสิต,SC-3,4,SC-3 411,56,56,3,÷2
รังสิต,SC-3,4,SC-3 413,300,65,3,÷2
